Center,Model,Rho,Theory_Ts,Sim_Ts,Error_%,Status
CheckIn,M/M/8,0.3232120525850219,105.10695177619662,105.1502687191332,0.04121225304754811,OK
Varchi,M/M/4,0.1908075049934324,12.030184625982978,13.97534570074832,16.169004343991148,WARNING
XRay,k*M/M/1 (RoundRobin),0.477018762483581,86.04515185611649,60.2537355375438,29.974281830196247,WARNING
TraceDetection,M/M/1,0.3816150099868648,97.02693462647845,97.36553957375133,0.3489803615629012,OK
Recupero,M/M/inf,0.0,120.0,120.05763520629917,0.048029338582639504,OK
